Keyword,Category,Angle
"Tokenized Commercial Real Estate Yields",Real Estate,"Compare US commercial office space yields vs multi-family residential when tokenized. Use concrete figures."
"How to Buy Tokenized US Treasuries",Treasuries,"Step-by-step guide for retail US investors to access on-chain treasuries. Mention KYC requirements."
"Risks of Synthetic Tokenized Stocks",Equities,"Deep dive into the counterparty risks of synthetic wrappers on offshore exchanges. Why US investors should avoid them."
"Tokenizing Private Equity Funds",Private Equity,"How tokenization lowers the minimum investment threshold for private equity from millions to thousands."
"Regulatory Status of Tokenized Assets in the US",Regulation,"Examine SEC guidance on tokenized securities. Distinguish between utility tokens and registered security tokens."
"Tokenized Fine Art Investment",Alternative Assets,"Analyze how fractionalized ownership of blue-chip art provides liquidity to an illiquid market."
"DeFi Composability with Tokenized Assets",DeFi,"Explain how tokenized real-world assets act as collateral in decentralized lending protocols like Aave or Maker."
"Tokenized Carbon Credits Market",ESG,"How placing carbon credits on-chain prevents double-spending and increases corporate accountability."
"Secondary Markets for Tokenized Real Estate",Real Estate,"Discuss the emerging liquidity venues (ATS) for trading fractional real estate tokens in the US."
"Smart Contracts in Dividend Distribution",Technology,"Technical explainer on how smart contracts programmatically route corporate dividends directly to token holders."
"Tokenized Intellectual Property Rights",Alternative Assets,"How creators can tokenize IP royalties to receive upfront funding and distribute future earnings."
"Tokenized Corporate Bonds",Treasuries,"Comparing the issuance costs and settlement speed of on-chain corporate debt versus traditional syndication."
"The Role of Custodians in RWA Tokenization",Technology,"Why institutional digital asset custodians like Anchorage and BitGo are critical for tokenized securities."
"Tokenized Gold vs Physical Gold",Alternative Assets,"Analyzing the storage costs, liquidity, and redemption rights of tokenized gold compared to physical bullion and ETFs."
"Tokenized Music Royalties",Alternative Assets,"How retail investors can buy fractions of song catalogs and receive streaming royalties via smart contracts."
"Reg A+ vs Reg D for Tokenized Offerings",Regulation,"A breakdown of the SEC exemptions most commonly used to legally offer tokenized securities to US investors."
"Tokenized Venture Capital Funds",Private Equity,"How tokenization allows secondary market trading of traditionally illiquid VC fund LP positions."
"Tokenized Agricultural Land",Real Estate,"The economics of fractionalizing farmland and distributing crop yield profits via stablecoins."
"Oracle Networks in RWA Tokenization",Technology,"The vital role of Chainlink and other oracles in providing real-time off-chain data to on-chain asset smart contracts."
"Tokenized Debt Instruments",Treasuries,"How small and medium enterprises can use tokenization to issue debt directly to global investors."
"Tokenized Aircraft and Aviation Assets",Alternative Assets,"The financial structure behind fractionalizing commercial aircraft leasing agreements via blockchain."
"KYC and AML in Tokenized Securities",Regulation,"How compliance is hard-coded into security tokens using permissioned smart contracts (e.g., ERC-3643)."
"Tokenized Collectibles and Vintage Cars",Alternative Assets,"Evaluating the ROI and platform fees associated with tokenized physical collectibles."
"Tokenized Sovereign Debt Beyond the US",Treasuries,"A look at how developing nations might use tokenization to issue sovereign bonds directly to retail."
"Tokenized Single-Family Rentals",Real Estate,"Analyzing platforms like Lofty and RealT that allow investors to earn daily rental income on-chain."
"The Impact of MiCA on RWA Tokenization",Regulation,"How the European Union's Markets in Crypto-Assets regulation affects tokenized securities globally."
"Tokenized Commodities Beyond Gold",Alternative Assets,"Exploring the tokenization of industrial metals, oil, and agricultural commodities for retail access."
"Tokenized Infrastructure Projects",Real Estate,"How tokenization could fund public works, toll roads, and energy grids through retail fractional ownership."
"The Role of Stablecoins in RWA Settlement",Technology,"Why USDC and other stablecoins are the necessary plumbing for settling tokenized asset transactions instantly."
"Tokenized Film Production Financing",Alternative Assets,"How independent filmmakers are using security tokens to raise capital and distribute box office revenue."
"Tokenized Wine and Spirits",Alternative Assets,"The mechanics of investing in tokenized rare whiskey casks and fine wine collections."
"Tokenized Sports Contracts",Alternative Assets,"The emerging trend of athletes tokenizing their future earnings for upfront capital."
"Tokenized Royalties in Pharmaceuticals",Alternative Assets,"How drug development royalties can be fractionalized and traded on secondary markets."
"Tokenized Real Estate Investment Trusts (REITs)",Real Estate,"Comparing the structure of a tokenized real estate portfolio to a traditional publicly traded REIT."
"Tokenized Precious Metals Basket",Alternative Assets,"The benefits of diversifying across tokenized gold, silver, platinum, and palladium in a single wallet."
"Tokenized Shipping Fleets",Alternative Assets,"How investors can gain exposure to global trade by owning fractions of commercial shipping vessels."
"Tokenized Student Loans",Alternative Assets,"The potential and ethical considerations of tokenizing Income Share Agreements (ISAs)."
"Tokenized Carbon Offset Verification",ESG,"How blockchain provides transparent auditing of carbon offset projects tied to tokenized credits."
"Tokenized Franchise Ownership",Real Estate,"Fractionalizing the ownership and cash flows of fast-food and retail franchise locations."
"Tokenized Timberland Investment",Alternative Assets,"Earning yield from sustainable forestry and timber harvesting through tokenized land ownership."
"Tokenized Litigation Finance",Alternative Assets,"How investors are funding corporate lawsuits in exchange for a tokenized share of the settlement."
"Tokenized Luxury Watches",Alternative Assets,"The secondary market for fractionalized Rolex and Patek Philippe timepieces on the blockchain."
"Tokenized Clean Energy Projects",ESG,"Funding solar farms and wind turbines via tokenization and receiving yield from energy sales."
"Tokenized Hotel and Resort Ownership",Real Estate,"Investing in hospitality real estate and earning yield based on occupancy rates via smart contracts."
"Tokenized Storage Units",Real Estate,"The high-yield potential of fractionalized self-storage facilities in the US market."
"Tokenized Data Centers",Real Estate,"Gaining exposure to the AI boom by investing in tokenized data center real estate."
"Tokenized Healthcare Facilities",Real Estate,"The defensive investment strategy of fractionalizing medical offices and assisted living facilities."
"Tokenized Student Housing",Real Estate,"Analyzing the yield and seasonal risks of tokenized university student housing complexes."
"Tokenized Industrial Warehouses",Real Estate,"How the e-commerce boom drives the value of tokenized logistics and warehouse real estate."
"Tokenized Mobile Home Parks",Real Estate,"Exploring the historically stable yield of tokenized manufactured housing communities."
"Tokenized Billboard Advertising",Alternative Assets,"Earning fractional revenue from digital and physical billboard advertising space."
"Tokenized Vending Machine Routes",Alternative Assets,"The micro-economics of owning tokenized shares in automated retail and vending businesses."
"Tokenized ATM Portfolios",Alternative Assets,"Analyzing the cash flow and maintenance costs of fractionalized ATM route ownership."
"Tokenized Car Washes",Real Estate,"The subscription model economics behind tokenized express car wash real estate."
"Tokenized Laundromats",Alternative Assets,"Evaluating the passive income potential of tokenized coin-operated laundry businesses."
"Tokenized Parking Lots",Real Estate,"The low-maintenance, high-margin reality of investing in tokenized urban parking facilities."
"Tokenized Marina Slips",Real Estate,"Fractionalizing the ownership of boat slips and earning seasonal rental yield."
"Tokenized Cell Towers",Real Estate,"How telecommunications infrastructure is being tokenized for stable, long-term yield."
"Tokenized Water Rights",Alternative Assets,"The complexities and potential of tokenizing agricultural and municipal water rights."
"Tokenized Mineral Rights",Alternative Assets,"Earning royalties from oil, gas, and mineral extraction through tokenized deeds."
"Tokenized Timber Rights",Alternative Assets,"Separating the land ownership from the harvesting rights in tokenized forestry investments."
"Tokenized Wind Farm Royalties",ESG,"Receiving a fractional share of the revenue generated by utility-scale wind turbines."
"Tokenized Solar Farm Royalties",ESG,"The economics of tokenizing the cash flows from commercial and residential solar installations."
"Tokenized Geothermal Energy",ESG,"Investing in the base-load power potential of tokenized geothermal energy projects."
"Tokenized Hydroelectric Power",ESG,"The long-term yield profile of fractionalized run-of-the-river hydroelectric facilities."
"Tokenized Biomass Energy",ESG,"Evaluating the sustainability and financial returns of tokenized biomass power plants."
"Tokenized Battery Storage",ESG,"How grid-scale battery storage facilities are being tokenized to capitalize on energy arbitrage."
"Tokenized Electric Vehicle Charging Stations",ESG,"Investing in the infrastructure of the EV transition through tokenized charging networks."
"Tokenized Toll Roads",Real Estate,"The infrastructure investment model of tokenizing the revenue from public-private toll roads."
"Tokenized Bridges and Tunnels",Real Estate,"Fractionalizing the toll revenue from critical transportation infrastructure."
"Tokenized Airports",Real Estate,"How institutional investors might tokenize the landing fees and retail revenue of regional airports."
"Tokenized Seaports",Real Estate,"The global trade exposure offered by tokenizing the logistics and docking fees of commercial ports."
"Tokenized Rail Infrastructure",Real Estate,"Investing in the freight and passenger revenue of tokenized rail networks."
"Tokenized Water Treatment Plants",ESG,"The stable, utility-like returns of fractionalizing municipal water treatment facilities."
"Tokenized Desalination Plants",ESG,"Investing in water security through tokenized desalination infrastructure in arid regions."
"Tokenized Waste Management Facilities",ESG,"The economics of tokenizing landfills and recycling centers for long-term yield."
"Tokenized Data Cables",Technology,"Fractionalizing the bandwidth revenue of subsea and terrestrial fiber optic cable networks."
"Tokenized Satellites",Technology,"Investing in the space economy by tokenizing the data transmission revenue of commercial satellites."
"Tokenized Asteroid Mining Rights",Technology,"The speculative future of tokenizing the extraction rights to near-Earth asteroids."
"Tokenized Space Stations",Technology,"How commercial space habitats could be funded and fractionalized via tokenization."
"Tokenized Moon Base Infrastructure",Technology,"The conceptual economics of tokenizing lunar outposts and research facilities."
"Tokenized Mars Colony Funding",Technology,"Exploring how tokenization might be used to fund early interplanetary settlement efforts."
"Tokenized Deep Sea Mining",Alternative Assets,"The environmental and economic implications of tokenizing ocean floor resource extraction."
"Tokenized Lab-Grown Meat Production",Alternative Assets,"Investing in the future of food through tokenized cellular agriculture facilities."
"Tokenized Vertical Farming",ESG,"The yield potential and sustainability of fractionalized urban vertical farming operations."
"Tokenized Aquaculture",ESG,"Earning returns from the sustainable farming of fish and seafood via tokenization."
"Tokenized Precision Agriculture",Technology,"Investing in the AI and robotics infrastructure transforming modern farming through tokenized assets."
"Tokenized Synthetic Biology",Technology,"Fractionalizing the intellectual property and revenue of engineered biological systems."
"Tokenized Quantum Computing Time",Technology,"How investors might tokenize access to commercial quantum computing resources."
"Tokenized Artificial Intelligence Models",Technology,"Investing in the inference revenue and IP of proprietary large language models via tokenization."
"Tokenized Brain-Computer Interfaces",Technology,"The speculative market for tokenizing the IP and revenue of neural interface technologies."
"Tokenized Fusion Energy Research",Technology,"Funding the quest for limitless clean energy through tokenized shares in fusion startups."
"Tokenized Longevity Therapeutics",Alternative Assets,"Investing in the intellectual property of anti-aging and life extension biotechnology via tokens."
"Tokenized Nanotechnology",Technology,"Fractionalizing the patents and manufacturing revenue of advanced nanomaterials."
"Tokenized Graphene Production",Technology,"The investment case for tokenizing the manufacturing facilities of wonder-material graphene."
"Tokenized Metamaterials",Technology,"Investing in the IP and production of materials with engineered properties via tokenization."
"Tokenized Room-Temperature Superconductors",Technology,"The highly speculative economics of tokenizing the IP of potential superconductor breakthroughs."
"Tokenized Space Elevators",Technology,"Funding the ultimate aerospace infrastructure project through global tokenization efforts."
"Tokenized Dyson Swarm Construction",Technology,"The theoretical framework for tokenizing the energy output of megastructures around the Sun."
"Tokenized Terraforming Projects",Technology,"How tokenization might be conceptualized to fund planetary engineering on Mars or Venus."
